"구분,지점코드,숙소명,비교대상자사코드,상권명,,,야호,,,,,,,,,,,,,"
"자사,3014076,아늑호텔 홍대점,,신촌/홍대/합정,,,,,,,,,,,,,,,,"
"경쟁사,25589,홍대 더 디자이너스,3014076,신촌/홍대/합정,,,,,,,,,,,,,,,,"
"경쟁사,3010583,홍대 나인브릭 호텔,3014076,신촌/홍대/합정,,,,,,,,,,,,,,,,"
"경쟁사,3017304,홍대 보보호텔,3014076,신촌/홍대/합정,,,,,,,,,,,,,,,,"
"자사,10054224,누베르 서울 호텔 이태원 by 아늑,,이태원/용산/서울역/명동/회현,,,,,,,,,,,,,,,,"
"경쟁사,3006882,이태원 에이원 호텔,10054224,이태원/용산/서울역/명동/회현,,,,,,,,,,,,,,,,"
"경쟁사,3000655,해밀톤 호텔,10054224,이태원/용산/서울역/명동/회현,,,,,,,,,,,,,,,,"
"경쟁사,3001110,임피리얼 팰리스 부티크 호텔 이태원,10054224,이태원/용산/서울역/명동/회현,,,,,,,,,,,,,,,,"
"자사,1002097,크로와상 호텔 구리 by 아늑,,구리,,,,,,,,,,,,,,,,"
"경쟁사,1000111651,구리 바리스타 호텔,1002097,구리,,,,,,,,,,,,,,,,"
"경쟁사,24150,구리 러쉬(LUSH),1002097,구리,,,,,,,,,,,,,,,,"
"경쟁사,26958,구리 크림 호텔,1002097,구리,,,,,,,,,,,,,,,,"
"자사,10047317,아늑호텔 구리점,,구리,,,,,,,,,,,,,,,,"
"경쟁사,1002072,구리 캘리포니아 호텔,10047317,구리,,,,,,,,,,,,,,,,"
"경쟁사,3010096,구리 호텔 月 (월),10047317,구리,,,,,,,,,,,,,,,,"
"경쟁사,3000355,구리 YAM 구리수택점,10047317,구리,,,,,,,,,,,,,,,,"
"자사,1000110964,고요37호텔 오산 by 아늑,,동탄/화성/오산/병점,,,,,,,,,,,,,,,,"
"경쟁사,10062453,오산 그린파크,1000110964,동탄/화성/오산/병점,,,,,,,,,,,,,,,,"
"경쟁사,1000111803,오산 M,1000110964,동탄/화성/오산/병점,,,,,,,,,,,,,,,,"
"경쟁사,3008269,오산 YAM 오산역점,1000110964,동탄/화성/오산/병점,,,,,,,,,,,,,,,,"
"자사,26034,아늑호텔 오산점,,동탄/화성/오산/병점,,,,,,,,,,,,,,,,"
"경쟁사,3011975,오산 CHILL7,26034,동탄/화성/오산/병점,,,,,,,,,,,,,,,,"
"경쟁사,1000102619,오산 제이 호텔,26034,동탄/화성/오산/병점,,,,,,,,,,,,,,,,"
"경쟁사,3016190,오산 아너스 호텔,26034,동탄/화성/오산/병점,,,,,,,,,,,,,,,,"
"자사,3010914,아늑호텔 월곶점,,시흥(월곶/정왕/오이도/거북섬),,,,,,,,,,,,,,,,"
"경쟁사,3001905,월곶 크루즈,3010914,시흥(월곶/정왕/오이도/거북섬),,,,,,,,,,,,,,,,"
"경쟁사,1018966,월곶 발렌타인 호텔,3010914,시흥(월곶/정왕/오이도/거북섬),,,,,,,,,,,,,,,,"
"경쟁사,3020336,월곶 더 클래식,3010914,시흥(월곶/정왕/오이도/거북섬),,,,,,,,,,,,,,,,"
"자사,23683,워커스 호텔 안산 by 아늑,,안산 고잔/상록수/선부동/월피동,,,,,,,,,,,,,,,,"
"경쟁사,1000111732,안산 호텔G9,23683,안산 고잔/상록수/선부동/월피동,,,,,,,,,,,,,,,,"
"경쟁사,1000096365,안산 바인호텔,23683,안산 고잔/상록수/선부동/월피동,,,,,,,,,,,,,,,,"
"경쟁사,3002317,안산 어반브라운,23683,안산 고잔/상록수/선부동/월피동,,,,,,,,,,,,,,,,"
"자사,1020056,아늑호텔 일산 탄현점,,일산/고양,,,,,,,,,,,,,,,,"
"경쟁사,26185,일산(탄현) 니꼬,1020056,일산/고양,,,,,,,,,,,,,,,,"
"경쟁사,3017609,일산(탄현) 사이버21,1020056,일산/고양,,,,,,,,,,,,,,,,"
"경쟁사,27858,일산(탄현) 캐리,1020056,일산/고양,,,,,,,,,,,,,,,,"
"자사,25669,아늑료칸호텔 파주 금촌점,,파주,,,,,,,,,,,,,,,,"
"경쟁사,3018485,파주 금촌 구구호텔,25669,파주,,,,,,,,,,,,,,,,"
"경쟁사,1000114352,파주 브라운도트 파주금촌점,25669,파주,,,,,,,,,,,,,,,,"
"경쟁사,1004178,파주 금촌 LIP,25669,파주,,,,,,,,,,,,,,,,"
"자사,25466,심작 호텔 동탄 by 아늑,,동탄/화성/오산/병점,,,,,,,,,,,,,,,,"
"경쟁사,3016671,동탄 JS 부티크 호텔,25466,동탄/화성/오산/병점,,,,,,,,,,,,,,,,"
"경쟁사,1000105893,화성 씨플러스 레지던스,25466,동탄/화성/오산/병점,,,,,,,,,,,,,,,,"
"경쟁사,26279,동탄 3S호텔(BIZ) 동탄점,25466,동탄/화성/오산/병점,,,,,,,,,,,,,,,,"
"자사,10043376,아늑호텔 인천 부평점,,부평,,,,,,,,,,,,,,,,"
"경쟁사,1000109030,인천(부평) 테이크원,10043376,부평,,,,,,,,,,,,,,,,"
"경쟁사,10045390,인천(부평) 갤러리아 호텔,10043376,부평,,,,,,,,,,,,,,,,"
"경쟁사,100452,인천(부평) 델루나 호텔,10043376,부평,,,,,,,,,,,,,,,,"
"자사,1000110730,아늑호텔 인천 송도점,,송도/연수,,,,,,,,,,,,,,,,"
"경쟁사,10062153,인천(송도) 호텔 아주르,1000110730,송도/연수,,,,,,,,,,,,,,,,"
"경쟁사,1013749,인천(송도) 소풍,1000110730,송도/연수,,,,,,,,,,,,,,,,"
"경쟁사,10046590,인천(송도) 더설레임 호텔 연수구 인천공항점,1000110730,송도/연수,,,,,,,,,,,,,,,,"
"자사,10053561,아늑호텔 인천 구월점,,구월/소래포구/호구포,,,,,,,,,,,,,,,,"
"경쟁사,26791,인천(구월동) 호텔 론도,10053561,구월/소래포구/호구포,,,,,,,,,,,,,,,,"
"경쟁사,25311,인천(구월동) 호텔 더 디자이너스,10053561,구월/소래포구/호구포,,,,,,,,,,,,,,,,"
"경쟁사,3009573,인천(구월동) 아시아드반월호텔,10053561,구월/소래포구/호구포,,,,,,,,,,,,,,,,"
"자사,10039673,소륜 호텔 대전 by 아늑,,대덕구(중리/신탄진),,,,,,,,,,,,,,,,"
"경쟁사,1000109414,대전 호텔 어반브라운,10039673,대덕구(중리/신탄진),,,,,,,,,,,,,,,,"
"경쟁사,1000112963,대전 중리 호텔 라움,10039673,대덕구(중리/신탄진),,,,,,,,,,,,,,,,"
"경쟁사,25972,대전 중리 만월 호텔,10039673,대덕구(중리/신탄진),,,,,,,,,,,,,,,,"
"자사,1000109417,노크인 호텔 대전 by 아늑,,동구(용전/복합터미널),,,,,,,,,,,,,,,,"
"경쟁사,24916,대전 용전 엑스와이엠,1000109417,동구(용전/복합터미널),,,,,,,,,,,,,,,,"
"경쟁사,27378,대전 용전 호텔 가자,1000109417,동구(용전/복합터미널),,,,,,,,,,,,,,,,"
"경쟁사,1009175,대전 용전 호텔 박스,1000109417,동구(용전/복합터미널),,,,,,,,,,,,,,,,"
"자사,1000112362,아늑호텔 대전 용전 1호점,,동구(용전/복합터미널),,,,,,,,,,,,,,,,"
"경쟁사,24317,대전 용전 아이,1000112362,동구(용전/복합터미널),,,,,,,,,,,,,,,,"
"경쟁사,1018886,대전 용전 세도나,1000112362,동구(용전/복합터미널),,,,,,,,,,,,,,,,"
"경쟁사,3010348,대전 용전 리스보아,1000112362,동구(용전/복합터미널),,,,,,,,,,,,,,,,"
"자사,1009172,아늑호텔 대전 용전 2호점,,동구(용전/복합터미널),,,,,,,,,,,,,,,,"
"경쟁사,27476,대전 용전 보보스,1009172,동구(용전/복합터미널),,,,,,,,,,,,,,,,"
"경쟁사,1009157,대전 용전 룩(LOOK),1009172,동구(용전/복합터미널),,,,,,,,,,,,,,,,"
"경쟁사,1009175,대전 용전 호텔 박스,1009172,동구(용전/복합터미널),,,,,,,,,,,,,,,,"
"자사,23698,타임터미널 호텔 용전 1호점 by 아늑,,동구(용전/복합터미널),,,,,,,,,,,,,,,,"
"경쟁사,24035,대전 용전 디자인 호텔 피아노,23698,동구(용전/복합터미널),,,,,,,,,,,,,,,,"
"경쟁사,24673,대전 용전 본(HOTEL BON),23698,동구(용전/복합터미널),,,,,,,,,,,,,,,,"
"경쟁사,1019710,대전 용전 KB,23698,동구(용전/복합터미널),,,,,,,,,,,,,,,,"
"자사,10044959,아늑호텔 대전 유성 1호점,,유성구,,,,,,,,,,,,,,,,"
"경쟁사,1009259,대전 유성 호텔 141,10044959,유성구,,,,,,,,,,,,,,,,"
"경쟁사,24135,대전 유성 MAC 호텔,10044959,유성구,,,,,,,,,,,,,,,,"
"경쟁사,1009316,대전 유성 더 샵,10044959,유성구,,,,,,,,,,,,,,,,"
"자사,10044958,아늑호텔 대전 유성 2호점,,유성구,,,,,,,,,,,,,,,,"
"경쟁사,25328,대전 유성 메이호텔,10044958,유성구,,,,,,,,,,,,,,,,"
"경쟁사,28012,대전 유성 탑클라우드 호텔,10044958,유성구,,,,,,,,,,,,,,,,"
"경쟁사,27191,대전 유성 호텔 아트,10044958,유성구,,,,,,,,,,,,,,,,"
"자사,1000105053,워커스 호텔 대전월평 by 아늑,,서구(둔산/용문/월평),,,,,,,,,,,,,,,,"
"경쟁사,1020157,대전 월평 디엠프레스 호텔,1000105053,서구(둔산/용문/월평),,,,,,,,,,,,,,,,"
"경쟁사,25065,대전 월평 컨티뉴 대전점,1000105053,서구(둔산/용문/월평),,,,,,,,,,,,,,,,"
"경쟁사,10040733,대전 브라운도트 월평점,1000105053,서구(둔산/용문/월평),,,,,,,,,,,,,,,,"
"자사,1000105321,소륜 호텔 천안 by 아늑,,천안 동남구,,,,,,,,,,,,,,,,"
"경쟁사,1000111808,천안(신부동) 숲 호텔,1000105321,천안 동남구,,,,,,,,,,,,,,,,"
"경쟁사,1000102246,천안 소담스테이,1000105321,천안 동남구,,,,,,,,,,,,,,,,"
"경쟁사,1000110158,천안 파인 호텔 (HOTEL PINE),1000105321,천안 동남구,,,,,,,,,,,,,,,,"
"자사,10046920,아늑호텔 천안역 1호점,,천안 동남구,,,,,,,,,,,,,,,,"
"경쟁사,3011037,천안 휴 호텔,10046920,천안 동남구,,,,,,,,,,,,,,,,"
"경쟁사,1018942,천안 벨리노,10046920,천안 동남구,,,,,,,,,,,,,,,,"
"경쟁사,3015801,천안 아도라,10046920,천안 동남구,,,,,,,,,,,,,,,,"
"자사,10048575,아늑호텔 천안역 2호점,,천안 서북구,,,,,,,,,,,,,,,,"
"경쟁사,10067448,천안 씨티(CT)모텔,10048575,천안 서북구,,,,,,,,,,,,,,,,"
"경쟁사,1017961,천안 GLORY HOTEL-구 NO.25,10048575,천안 서북구,,,,,,,,,,,,,,,,"
"경쟁사,1000111785,천안 베니키아 호텔,10048575,천안 서북구,,,,,,,,,,,,,,,,"
"자사,25403,요수리구리 아늑료칸 천안점,,천안 서북구,,,,,,,,,,,,,,,,"
"경쟁사,26666,천안 호텔 비지니스,25403,천안 서북구,,,,,,,,,,,,,,,,"
"경쟁사,10045823,천안 앙상블,25403,천안 서북구,,,,,,,,,,,,,,,,"
"경쟁사,26521,천안 호텔 루이스,25403,천안 서북구,,,,,,,,,,,,,,,,"
"자사,28084,아늑호텔 청주우암 1호점,,청주 상당구/ 청원구 (청주국제공항),,,,,,,,,,,,,,,,"
"경쟁사,26397,청주 호텔 본,28084,청주 상당구/ 청원구 (청주국제공항),,,,,,,,,,,,,,,,"
"경쟁사,1018700,청주 벤호텔 청주대점,28084,청주 상당구/ 청원구 (청주국제공항),,,,,,,,,,,,,,,,"
"경쟁사,1000108428,청주 브라운도트 청주시청점,28084,청주 상당구/ 청원구 (청주국제공항),,,,,,,,,,,,,,,,"
"자사,10048018,아늑호텔 청주우암 2호점,,청주 상당구/ 청원구 (청주국제공항),,,,,,,,,,,,,,,,"
"경쟁사,28226,청주 북문로 아모르,10048018,청주 상당구/ 청원구 (청주국제공항),,,,,,,,,,,,,,,,"
"경쟁사,24366,청주 어반브라운 호텔,10048018,청주 상당구/ 청원구 (청주국제공항),,,,,,,,,,,,,,,,"
"경쟁사,1000101047,청주 북문로 샹보르,10048018,청주 상당구/ 청원구 (청주국제공항),,,,,,,,,,,,,,,,"
"자사,10041035,노마드 아늑호텔 구미점,,구미,,,,,,,,,,,,,,,,"
"경쟁사,1020526,구미 인동 호텔여기어때 2호점,10041035,구미,,,,,,,,,,,,,,,,"
"경쟁사,3012296,구미 인동 호텔 까사 보니따,10041035,구미,,,,,,,,,,,,,,,,"
"경쟁사,10042443,구미 인동 타임 호텔,10041035,구미,,,,,,,,,,,,,,,,"
"자사,10041032,오브젝트 아늑호텔 구미점,,구미,,,,,,,,,,,,,,,,"
"경쟁사,3014180,구미 인동 Hotel 7 Plus,10041032,구미,,,,,,,,,,,,,,,,"
"경쟁사,3002120,구미 인동 호텔유럽 1호점,10041032,구미,,,,,,,,,,,,,,,,"
"경쟁사,3017235,구미 인동 국민 호텔,10041032,구미,,,,,,,,,,,,,,,,"
"자사,100552,아늑호텔 전주점,,전주 덕진구,,,,,,,,,,,,,,,,"
"경쟁사,1000112630,전주 산정동 바른 숙박 (BARUN STAY),100552,전주 덕진구,,,,,,,,,,,,,,,,"
"경쟁사,3012517,전주 산정동 NABI(나비),100552,전주 덕진구,,,,,,,,,,,,,,,,"
"경쟁사,26395,전주 산정동 칸,100552,전주 덕진구,,,,,,,,,,,,,,,,"
"자사,10047681,아늑호텔 부산남포점,,남포동/중앙동/태종대/송도/영도,,,,,,,,,,,,,,,,"
"경쟁사,3002286,부산 남포동 소유호텔,10047681,남포동/중앙동/태종대/송도/영도,,,,,,,,,,,,,,,,"
"경쟁사,24966,부산 남포동 엘리제,10047681,남포동/중앙동/태종대/송도/영도,,,,,,,,,,,,,,,,"
"경쟁사,3000396,부산 남포동 MU,10047681,남포동/중앙동/태종대/송도/영도,,,,,,,,,,,,,,,,"
"자사,10059184,아늑호텔 앤 스파 평택점,,평택/송탄/안성,,,,,,,,,,,,,,,,"
"경쟁사,1000112036,송탄 하운드 평택송탄,10059184,평택/송탄/안성,,,,,,,,,,,,,,,,"
"경쟁사,3008698,송탄 마리포사,10059184,평택/송탄/안성,,,,,,,,,,,,,,,,"
"경쟁사,3017413,송탄 알로 호텔,10059184,평택/송탄/안성,,,,,,,,,,,,,,,,"
"자사,10059842,심도 호텔 앤 스파 신림역 by 아늑,,신림/서울대/사당/동작,,,,,,,,,,,,,,,,"
"경쟁사,25122,신림 빌라드보니 호텔,10059842,신림/서울대/사당/동작,,,,,,,,,,,,,,,,"
"경쟁사,23940,신림 페이지나인 호텔,10059842,신림/서울대/사당/동작,,,,,,,,,,,,,,,,"
"경쟁사,10046988,신림 HERTZ(헤르츠),10059842,신림/서울대/사당/동작,,,,,,,,,,,,,,,,"
"자사,1020096,스테이 패스포트 후쿠오카 대전유성점,,유성구,,,,,,,,,,,,,,,,"
"경쟁사,10057991,대전 유성 브라운도트 유성온천점,1020096,유성구,,,,,,,,,,,,,,,,"
"경쟁사,24976,대전 유성 렉시,1020096,유성구,,,,,,,,,,,,,,,,"
"경쟁사,1009319,대전 유성 호텔 안온,1020096,유성구,,,,,,,,,,,,,,,,"
"자사,24889,스테이 패스포트 익스프레스 당산점,,영등포/여의도,,,,,,,,,,,,,,,,"
"경쟁사,3000729,호텔 로프트 서울,24889,영등포/여의도,,,,,,,,,,,,,,,,"
"경쟁사,10047009,유니언 호텔,24889,영등포/여의도,,,,,,,,,,,,,,,,"
"경쟁사,10045102,호텔 아벤트리 여의도,24889,영등포/여의도,,,,,,,,,,,,,,,,"
"자사,24889,아늑 료칸 앤드 아늑 에어 청주점,,청주 흥덕구 / 서원구 (청주 터미널),,,,,,,,,,,,,,,,"
"경쟁사,1018732,청주 호텔 리온(HOTEL LION),24889,청주 흥덕구 / 서원구 (청주 터미널),,,,,,,,,,,,,,,,"
"경쟁사,3011249,청주 LUCE Business Hotel,24889,청주 흥덕구 / 서원구 (청주 터미널),,,,,,,,,,,,,,,,"
"경쟁사,10042551,청주 센트럴 (CENTRAL HOTEL),24889,청주 흥덕구 / 서원구 (청주 터미널),,,,,,,,,,,,,,,,"
"자사,3009854,아늑호텔 영등포점,,영등포/여의도,,,,,,,,,,,,,,,,"
"경쟁사,3015505,영등포 아이리스,3009854,영등포/여의도,,,,,,,,,,,,,,,,"
"경쟁사,26384,영등포 코모도,3009854,영등포/여의도,,,,,,,,,,,,,,,,"
"경쟁사,23727,영등포 샵,3009854,영등포/여의도,,,,,,,,,,,,,,,,"
"자사,28213,아늑 호텔 앤 스파 종로운니점,,종로/대학로/동묘앞역,,,,,,,,,,,,,,,,"
"경쟁사,23384,종로 더 디자이너스,28213,종로/대학로/동묘앞역,,,,,,,,,,,,,,,,"
"경쟁사,3018326,종로 순라스테이 SULLA STAY,28213,종로/대학로/동묘앞역,,,,,,,,,,,,,,,,"
"경쟁사,10064603,엠제이 호텔 종로,28213,종로/대학로/동묘앞역,,,,,,,,,,,,,,,,"
"자사,27263,스테이패스포트 모로코 스파 인천송도점,,송도/연수,,,,,,,,,,,,,,,,"
"경쟁사,1000113240,인천(송도) 큐브,27263,송도/연수,,,,,,,,,,,,,,,,"
"경쟁사,3006927,인천(송도) 스테이호텔,27263,송도/연수,,,,,,,,,,,,,,,,"
"경쟁사,1000100312,인천(송도) 넘버25 송도점,27263,송도/연수,,,,,,,,,,,,,,,,"
"자사,23654,아늑 호텔 앤드 스파 대전유성점,,유성구,,,,,,,,,,,,,,,,"
"경쟁사,3001918,대전 유성 Hotel LOD 1호점,23654,유성구,,,,,,,,,,,,,,,,"
"경쟁사,3003950,대전 유성 호텔 루이스,23654,유성구,,,,,,,,,,,,,,,,"
"경쟁사,3010750,대전 유성 칸느,23654,유성구,,,,,,,,,,,,,,,,"
"자사,1000110399,온도 호텔 앤 스파 서울종로점,,종로/대학로/동묘앞역,,,,,,,,,,,,,,,,"
"경쟁사,25588,종로 심플스테이,1000110399,종로/대학로/동묘앞역,,,,,,,,,,,,,,,,"
"경쟁사,3017491,종로 더 포스트 호텔,1000110399,종로/대학로/동묘앞역,,,,,,,,,,,,,,,,"
"경쟁사,1020024,종로 우미관,1000110399,종로/대학로/동묘앞역,,,,,,,,,,,,,,,,"
"자사,1000105222,누베르 호텔 앤 스파 서울종로점,,종로/대학로/동묘앞역,,,,,,,,,,,,,,,,"
"경쟁사,10061288,구월호텔 동대문,1000105222,종로/대학로/동묘앞역,,,,,,,,,,,,,,,,"
"경쟁사,3000378,종로 YAJA 종로점,1000105222,종로/대학로/동묘앞역,,,,,,,,,,,,,,,,"
"경쟁사,23787,종로 시네마,1000105222,종로/대학로/동묘앞역,,,,,,,,,,,,,,,,"
"자사,10065042,케이브 료칸 by 아늑 성신여대점,,종로/대학로/동묘앞역,,,,,,,,,,,,,,,,"
"경쟁사,3002331,성신여대 YAJA 성신여대역점,10065042,종로/대학로/동묘앞역,,,,,,,,,,,,,,,,"
"경쟁사,26434,성신여대역 더월(THE WALL),10065042,종로/대학로/동묘앞역,,,,,,,,,,,,,,,,"
"경쟁사,1000100548,성신여대 브라운도트 성신여대점,10065042,종로/대학로/동묘앞역,,,,,,,,,,,,,,,,"
"자사,10064898,아늑 료칸 호텔 송탄점,,평택/송탄/안성,,,,,,,,,,,,,,,,"
"경쟁사,10065652,평택 호텔 더 그레이 송탄점,10064898,평택/송탄/안성,,,,,,,,,,,,,,,,"
"경쟁사,10046987,송탄 헤르메스,10064898,평택/송탄/안성,,,,,,,,,,,,,,,,"
"경쟁사,27170,송탄 퍼슨,10064898,평택/송탄/안성,,,,,,,,,,,,,,,,"
"자사,25543,아늑 료칸 호텔 수원점,,수원역/구운/행궁/장안구,,,,,,,,,,,,,,,,"
"경쟁사,3013143,수원 구운동 아마레,25543,수원역/구운/행궁/장안구,,,,,,,,,,,,,,,,"
"경쟁사,10054186,수원 구운동 호텔 뉴욕(NEW YORK),25543,수원역/구운/행궁/장안구,,,,,,,,,,,,,,,,"
"경쟁사,1002745,수원 구운동 호텔 앤드 &,25543,수원역/구운/행궁/장안구,,,,,,,,,,,,,,,,"
"자사,26352,미타스야 료칸 호텔 by 아늑 천안점,,천안 동남구,,,,,,,,,,,,,,,,"
"경쟁사,10047642,천안 브라운도트 천안터미널점,26352,천안 동남구,,,,,,,,,,,,,,,,"
"경쟁사,1000109243,호텔 캄캄,26352,천안 동남구,,,,,,,,,,,,,,,,"
"경쟁사,26929,천안 저스트슬립호텔 천안터미널점,26352,천안 동남구,,,,,,,,,,,,,,,,"
"자사,27440,소원 료칸 앤 호텔 by 아늑 상봉점,,상봉/중랑/면목,,,,,,,,,,,,,,,,"
"경쟁사,3009511,상봉 M,27440,상봉/중랑/면목,,,,,,,,,,,,,,,,"
"경쟁사,1000100058,상봉 호텔 그레이튼,27440,상봉/중랑/면목,,,,,,,,,,,,,,,,"
"경쟁사,23244,상봉 호텔스타,27440,상봉/중랑/면목,,,,,,,,,,,,,,,,"
"자사,10065482,스테이 패스포트 에어플레인 구리점,,구리,,,,,,,,,,,,,,,,"
"경쟁사,27306,구리 THE STAY(더스테이) 여기,10065482,구리,,,,,,,,,,,,,,,,"
"경쟁사,1002087,구리 뉴캐슬,10065482,구리,,,,,,,,,,,,,,,,"
"경쟁사,3007708,구리 제니스,10065482,구리,,,,,,,,,,,,,,,,"
"자사,3012313,아늑호텔 수원역점,,수원역/구운/행궁/장안구,,,,,,,,,,,,,,,,"
"경쟁사,3011262,수원역 디자인호텔 칸,3012313,수원역/구운/행궁/장안구,,,,,,,,,,,,,,,,"
"경쟁사,10051705,수원역 호텔 하루,3012313,수원역/구운/행궁/장안구,,,,,,,,,,,,,,,,"
"경쟁사,3016345,수원역 해시,3012313,수원역/구운/행궁/장안구,,,,,,,,,,,,,,,,"
"자사,10065927,아늑리조트앤스파 부산해운대점,,해운대/센텀시티/재송,,,,,,,,,,,,,,,,"
"경쟁사,1000111517,부산 해운대 하운드 해운대 1호점 시그니처,10065927,해운대/센텀시티/재송,,,,,,,,,,,,,,,,"
"경쟁사,3000224,부산 해운대 리엔(LIEN) 호텔,10065927,해운대/센텀시티/재송,,,,,,,,,,,,,,,,"
"경쟁사,26109,부산 해운대 클리프 베이 호텔,10065927,해운대/센텀시티/재송,,,,,,,,,,,,,,,,"
"자사,3009680,아늑 호텔 앤 스파 건대점,,건대/군자/구의,,,,,,,,,,,,,,,,"
"경쟁사,3012076,건대(화양사거리) 호텔 더 디자이너스 프리미어 성수&건대,3009680,건대/군자/구의,,,,,,,,,,,,,,,,"
"경쟁사,10059284,건대 성수스테이,3009680,건대/군자/구의,,,,,,,,,,,,,,,,"
"경쟁사,3011740,건대 H Avenue 건대점,3009680,건대/군자/구의,,,,,,,,,,,,,,,,"
"자사,10044646,프롬에이치 어바웃호텔 충주점,,충주/수안보,,,,,,,,,,,,,,,,"
"경쟁사,10047282,충주 브라운도트 시청점,10044646,충주/수안보,,,,,,,,,,,,,,,,"
"경쟁사,1019124,충주 호텔 에이치에비뉴 시청점,10044646,충주/수안보,,,,,,,,,,,,,,,,"
"경쟁사,10041074,충주 어반브라운호텔(충주시청점),10044646,충주/수안보,,,,,,,,,,,,,,,,"
"자사,10055518,프롬에이치 에이스호텔 by 아늑,,유성구,,,,,,,,,,,,,,,,"
"경쟁사,1009259,대전 유성 호텔 141,10055518,유성구,,,,,,,,,,,,,,,,"
"경쟁사,27195,대전 유성 호텔 프리모,10055518,유성구,,,,,,,,,,,,,,,,"
"경쟁사,3010407,대전 유성 세르보,10055518,유성구,,,,,,,,,,,,,,,,"
"자사,1009472,아늑에어 호텔 대전 문창점,,중구(은행/대흥/선화/유천),,,,,,,,,,,,,,,,"
"경쟁사,1000104798,대전 문창 호텔 더리즈,1009472,중구(은행/대흥/선화/유천),,,,,,,,,,,,,,,,"
"경쟁사,1009467,대전 문창 호텔 띠아모,1009472,중구(은행/대흥/선화/유천),,,,,,,,,,,,,,,,"
"경쟁사,3001897,대전 문창 호텔 썸,1009472,중구(은행/대흥/선화/유천),,,,,,,,,,,,,,,,"
"자사,25219,아늑호텔 수원 인계점,,수원 인계동/나혜석거리,,,,,,,,,,,,,,,,"
"경쟁사,1002897,수원(인계동) 앨리스 호텔,25219,수원 인계동/나혜석거리,,,,,,,,,,,,,,,,"
"경쟁사,27095,수원(인계동) 모노호텔,25219,수원 인계동/나혜석거리,,,,,,,,,,,,,,,,"
"경쟁사,3000341,수원(인계동) 지오,25219,수원 인계동/나혜석거리,,,,,,,,,,,,,,,,"
"자사,24020,아늑호텔 신촌점,,신촌/홍대/합정,,,,,,,,,,,,,,,,"
"경쟁사,24887,신촌 모모,24020,신촌/홍대/합정,,,,,,,,,,,,,,,,"
"경쟁사,24486,신촌 MAC(맥),24020,신촌/홍대/합정,,,,,,,,,,,,,,,,"
"경쟁사,25995,신촌 피오나,24020,신촌/홍대/합정,,,,,,,,,,,,,,,,"
"자사,1019445,미타스야 료칸 호텔 인천서구청역 by 아늑,,서구(석남/서구청/검단),,,,,,,,,,,,,,,,"
"경쟁사,10055732,인천(서구) 저스트슬립 호텔 인천서구청점,1019445,서구(석남/서구청/검단),,,,,,,,,,,,,,,,"
"경쟁사,10048869,인천(서구) 넘버25 인천서구점,1019445,서구(석남/서구청/검단),,,,,,,,,,,,,,,,"
"경쟁사,10042644,인천(서구) 비욘드 호텔,1019445,서구(석남/서구청/검단),,,,,,,,,,,,,,,,"
"자사,1009105,타임터미널 호텔 용전 2호점 by 아늑,,동구(용전/복합터미널),,,,,,,,,,,,,,,,"
"경쟁사,1000113767,대전 용전 벨레자 호텔,1009105,동구(용전/복합터미널),,,,,,,,,,,,,,,,"
"경쟁사,1009092,대전 용전 호텔 샾,1009105,동구(용전/복합터미널),,,,,,,,,,,,,,,,"
"경쟁사,10060860,대전 용전 하니파크,1009105,동구(용전/복합터미널),,,,,,,,,,,,,,,,"
"자사,1000103239,아늑에어 호텔 가평점,,가평/청평,,,,,,,,,,,,,,,,"
"경쟁사,3020476,가평 THE MOTEL(더모텔),1000103239,가평/청평,,,,,,,,,,,,,,,,"
"경쟁사,3020477,가평 보송모텔,1000103239,가평/청평,,,,,,,,,,,,,,,,"
"경쟁사,10052796,가평 그라체 호텔,1000103239,가평/청평,,,,,,,,,,,,,,,,"
"자사,3009646,아늑에어 호텔 진주성점,,진주,,,,,,,,,,,,,,,,"
"경쟁사,3000253,진주 호텔 꿀밤스테이,3009646,진주,,,,,,,,,,,,,,,,"
"경쟁사,1019693,진주 쉬자 호텔 진주성점 - SHEJA,3009646,진주,,,,,,,,,,,,,,,,"
"경쟁사,3014774,진주 브라운도트 진주성점,3009646,진주,,,,,,,,,,,,,,,,"
"자사,10061484,세종 아늑호텔 세종점,,공주/동학사/세종,,,,,,,,,,,,,,,,"
"경쟁사,10053222,세종 라고바움 호텔,10061484,공주/동학사/세종,,,,,,,,,,,,,,,,"
"경쟁사,1000113509,베스트웨스턴 플러스 호텔 세종,10061484,공주/동학사/세종,,,,,,,,,,,,,,,,"
"경쟁사,10068223,세종컨벤션센터 스테이,10061484,공주/동학사/세종,,,,,,,,,,,,,,,,"
"자사,1020346,아늑에어 호텔 춘천점,,춘천/강촌,,,,,,,,,,,,,,,,"
"경쟁사,10046536,춘천 JS모텔,1020346,춘천/강촌,,,,,,,,,,,,,,,,"
"경쟁사,26568,춘천 월드호텔,1020346,춘천/강촌,,,,,,,,,,,,,,,,"
"경쟁사,23786,춘천 호텔 코지,1020346,춘천/강촌,,,,,,,,,,,,,,,,"
"자사,3008754,호텔 드레 대전유성점,,유성구,,,,,,,,,,,,,,,,"
"경쟁사,3000349,대전 유성 자우리 호텔 도안점,3008754,유성구,,,,,,,,,,,,,,,,"
"경쟁사,1019067,대전 유성 저스트슬립 유성온천점,3008754,유성구,,,,,,,,,,,,,,,,"
"경쟁사,1009320,대전 유성 드라마 호텔,3008754,유성구,,,,,,,,,,,,,,,,"
"자사,10055566,아늑료칸 안산 1&2호점,,안산 고잔/상록수/선부동/월피동,,,,,,,,,,,,,,,,"
"경쟁사,1000111650,안산 루엠호텔,10055566,안산 고잔/상록수/선부동/월피동,,,,,,,,,,,,,,,,"
"경쟁사,24170,안산 아이비,10055566,안산 고잔/상록수/선부동/월피동,,,,,,,,,,,,,,,,"
"경쟁사,26348,안산 나무,10055566,안산 고잔/상록수/선부동/월피동,,,,,,,,,,,,,,,,"
"자사,10056714,프롬에이치 헤리티지 호텔 목포 평화광장점,,목포,,,,,,,,,,,,,,,,"
"경쟁사,3000222,목포 호텔 더하루 (평화광장),10056714,목포,,,,,,,,,,,,,,,,"
"경쟁사,24973,목포 하당 무인호텔,10056714,목포,,,,,,,,,,,,,,,,"
"경쟁사,10051163,목포 하운드호텔 목포평화광장,10056714,목포,,,,,,,,,,,,,,,,"
"자사,10057449,프롬에이치 뉴베라 호텔 청주,,청주 흥덕구 / 서원구 (청주 터미널),,,,,,,,,,,,,,,,"
"경쟁사,26162,청주 RUN호텔,10057449,청주 흥덕구 / 서원구 (청주 터미널),,,,,,,,,,,,,,,,"
"경쟁사,3009739,청주 K7 PC호텔,10057449,청주 흥덕구 / 서원구 (청주 터미널),,,,,,,,,,,,,,,,"
"경쟁사,1018732,청주 호텔 리온(HOTEL LION),10057449,청주 흥덕구 / 서원구 (청주 터미널),,,,,,,,,,,,,,,,"
"자사,26989,프롬에이치 마루호텔 포천점,,포천,,,,,,,,,,,,,,,,"
"경쟁사,3007195,포천 로제토 호텔,26989,포천,,,,,,,,,,,,,,,,"
"경쟁사,10054621,포천 스카이 드라이브인 무인호텔,26989,포천,,,,,,,,,,,,,,,,"
"경쟁사,1000101865,포천 FOR YOU(포유) 호텔,26989,포천,,,,,,,,,,,,,,,,"
"자사,10061911,프롬에이치 어스 호텔 위드 아늑 서울 강서화곡점,,화곡/까치산/양천/목동,,,,,,,,,,,,,,,,"
"경쟁사,24367,화곡 거기,10061911,화곡/까치산/양천/목동,,,,,,,,,,,,,,,,"
"경쟁사,23944,화곡 초콜릿,10061911,화곡/까치산/양천/목동,,,,,,,,,,,,,,,,"
"경쟁사,24961,화곡 MS,10061911,화곡/까치산/양천/목동,,,,,,,,,,,,,,,,"
"자사,10066328,미타스야 료칸&호텔 대전용전점,,동구(용전/복합터미널),,,,,,,,,,,,,,,,"
"경쟁사,1000109660,대전 용전 HOTEL BEN,10066328,동구(용전/복합터미널),,,,,,,,,,,,,,,,"
"경쟁사,10067342,호텔 선샤인,10066328,동구(용전/복합터미널),,,,,,,,,,,,,,,,"
"경쟁사,1000108717,대전 용전 모모(HOTEL MOMO),10066328,동구(용전/복합터미널),,,,,,,,,,,,,,,,"
"자사,10064899,센트럴 세븐호텔 바이권 부산서면,,서면/양정/초읍/부산시민공원,,,,,,,,,,,,,,,,"
"경쟁사,3010327,부산 서면 브라운도트 서면1호점,10064899,서면/양정/초읍/부산시민공원,,,,,,,,,,,,,,,,"
"경쟁사,1000112007,어반스테이 서면,10064899,서면/양정/초읍/부산시민공원,,,,,,,,,,,,,,,,"
"경쟁사,1000109332,부산 서면 라라비안코 비즈니스 호텔,10064899,서면/양정/초읍/부산시민공원,,,,,,,,,,,,,,,,"
"자사,1000099740,스테이 패스포트 부평점,,부평,,,,,,,,,,,,,,,,"
"경쟁사,23361,인천(부평) 뉴캐슬,1000099740,부평,,,,,,,,,,,,,,,,"
"경쟁사,3002091,인천(부평) 제니스,1000099740,부평,,,,,,,,,,,,,,,,"
"경쟁사,100328,인천(부평) 버니1,1000099740,부평,,,,,,,,,,,,,,,,"
"자사,10066555,스테이 패스포트 나고야 안양점,,안양,,,,,,,,,,,,,,,,"
"경쟁사,3009950,안양 센트로,10066555,안양,,,,,,,,,,,,,,,,"
"경쟁사,1002127,금정 테마,10066555,안양,,,,,,,,,,,,,,,,"
"경쟁사,3000366,금정 팔라틴,10066555,안양,,,,,,,,,,,,,,,,"
"자사,25645,프롬에이치 바이권 천안 성정 동백호텔,,천안 서북구,,,,,,,,,,,,,,,,"
"경쟁사,3010951,천안 라트리 호텔,25645,천안 서북구,,,,,,,,,,,,,,,,"
"경쟁사,1000104255,천안 호텔 감,25645,천안 서북구,,,,,,,,,,,,,,,,"
"경쟁사,1000101428,천안 어반스테이,25645,천안 서북구,,,,,,,,,,,,,,,,"
"자사,3002172,프롬에이치 루벤스호텔 목포평화광장점,,목포,,,,,,,,,,,,,,,,"
"경쟁사,10053120,목포 지중해,3002172,목포,,,,,,,,,,,,,,,,"
"경쟁사,3008976,목포 ZARA HOTEL 목포평화광장점,3002172,목포,,,,,,,,,,,,,,,,"
"경쟁사,10068551,목포 호텔 플레이스,3002172,목포,,,,,,,,,,,,,,,,"
"자사,1000111151,씨에스프리미어호텔안양,,얀양,,,,,,,,,,,,,,,,"
"경쟁사,3009256,안양 AMA 드라이브인 HOTEL,1000111151,얀양,,,,,,,,,,,,,,,,"
"경쟁사,10062708,안양 SUN motel (예술공원),1000111151,얀양,,,,,,,,,,,,,,,,"
"경쟁사,3012380,안양 루,1000111151,얀양,,,,,,,,,,,,,,,,"
"자사,10067450,스테이 패스포트 도쿄 사당,,신림/서울대/사당/동작,,,,,,,,,,,,,,,,"
"경쟁사,10045540,더 리프 사당,10067450,신림/서울대/사당/동작,,,,,,,,,,,,,,,,"
"경쟁사,1000101266,사당 카리스호텔,10067450,신림/서울대/사당/동작,,,,,,,,,,,,,,,,"
"경쟁사,1000099516,사당 티트리 호텔 사당역,10067450,신림/서울대/사당/동작,,,,,,,,,,,,,,,,"
"자사,10066734,미타쓰야 료칸&호텔 송탄점,,평택/송탄/안성,,,,,,,,,,,,,,,,"
"경쟁사,10065153,테마 스테이 호텔,10066734,평택/송탄/안성,,,,,,,,,,,,,,,,"
"경쟁사,1019037,송탄 디자인 뜰앤,10066734,평택/송탄/안성,,,,,,,,,,,,,,,,"
"경쟁사,1019086,송탄 라움,10066734,평택/송탄/안성,,,,,,,,,,,,,,,,"
"자사,3014723,미타쓰야 료칸&호텔 평택점,,평택/송탄/안성,,,,,,,,,,,,,,,,"
"경쟁사,3017597,평택 오월숲,3014723,평택/송탄/안성,,,,,,,,,,,,,,,,"
"경쟁사,24597,평택 Show,3014723,평택/송탄/안성,,,,,,,,,,,,,,,,"
"경쟁사,3016060,평택 스테이 호텔,3014723,평택/송탄/안성,,,,,,,,,,,,,,,,"
"자사,3010937,아늑 시그니처 호텔 서울 구로,,신림/서울대/사당/동작,,,,,,,,,,,,,,,,"
"경쟁사,3001564,신라스테이 구로,3010937,신림/서울대/사당/동작,,,,,,,,,,,,,,,,"
"경쟁사,1000099647,포포인츠 바이 쉐라톤 서울 구로,3010937,신림/서울대/사당/동작,,,,,,,,,,,,,,,,"
"경쟁사,3015614,구로 컬리넌,3010937,신림/서울대/사당/동작,,,,,,,,,,,,,,,,"
"자사,28161,아늑 호텔 앤 스파 서울 종로 안국 2호점,,종로/대학로/동묘앞역,,,,,,,,,,,,,,,,"
"경쟁사,3000698,이비스 앰배서더 서울 인사동,28161,종로/대학로/동묘앞역,,,,,,,,,,,,,,,,"
"경쟁사,10058149,한옥호텔 담,28161,종로/대학로/동묘앞역,,,,,,,,,,,,,,,,"
"경쟁사,1012337,북촌 복합한옥공간 곳,28161,종로/대학로/동묘앞역,,,,,,,,,,,,,,,,"
"자사,10067750,루프 서울 바이 아늑 서울 강남1,,강남/역삼,,,,,,,,,,,,,,,,"
"경쟁사,3001387,호텔 페이토 강남,10067750,강남/역삼,,,,,,,,,,,,,,,,"
"경쟁사,3013914,오월호텔,10067750,강남/역삼,,,,,,,,,,,,,,,,"
"경쟁사,1000106266,역삼 아르누보 호텔,10067750,강남/역삼,,,,,,,,,,,,,,,,"
"자사,10066129,수원 아모레미오 빈티지,,수원역/구운/행궁/장안구,,,,,,,,,,,,,,,,"
"경쟁사,23602,수원역(로데오) SOME,10066129,수원역/구운/행궁/장안구,,,,,,,,,,,,,,,,"
"경쟁사,24102,수원역 25H,10066129,수원역/구운/행궁/장안구,,,,,,,,,,,,,,,,"
"경쟁사,23965,수원역 라임 (Lime),10066129,수원역/구운/행궁/장안구,,,,,,,,,,,,,,,,"
"자사,10067887,스테이 패스포트 이태원 호텔 앤 스파,,이태원/용산/서울역/명동/회현,,,,,,,,,,,,,,,,"
"경쟁사,27397,한남 67,10067887,이태원/용산/서울역/명동/회현,,,,,,,,,,,,,,,,"
"경쟁사,1000110007,이태원 성지,10067887,이태원/용산/서울역/명동/회현,,,,,,,,,,,,,,,,"
"경쟁사,3020480,명동(충무로) 영인 호텔,10067887,이태원/용산/서울역/명동/회현,,,,,,,,,,,,,,,,"
"자사,10067926,루프 서울 호텔 리트리트 by 아늑 서울 홍대,,신촌/홍대/합정,,,,,,,,,,,,,,,,"
"경쟁사,24084,신촌 어반슬로우(URBANSLOW),10067926,신촌/홍대/합정,,,,,,,,,,,,,,,,"
"경쟁사,100142,신촌 월 (月),10067926,신촌/홍대/합정,,,,,,,,,,,,,,,,"
"경쟁사,10054221,신촌 브라운도트 신촌점,10067926,신촌/홍대/합정,,,,,,,,,,,,,,,,"
"자사,24291,아늑 료칸 호텔 대전 대흥,,중구(은행/대흥/선화/유천),,,,,,,,,,,,,,,,"
"경쟁사,1000112599,대전 넘버25호텔 대전역점,24291,중구(은행/대흥/선화/유천),,,,,,,,,,,,,,,,"
"경쟁사,10067073,대전 펜션형 감성숙소 호텔더재즈,24291,중구(은행/대흥/선화/유천),,,,,,,,,,,,,,,,"
"경쟁사,24149,대전 대흥 호텔 루오(LUO),24291,중구(은행/대흥/선화/유천),,,,,,,,,,,,,,,,"
"자사,3018157,미타스야 료칸 호텔 by 아늑 수원인계,,수원 인계동/나혜석거리,,,,,,,,,,,,,,,,"
"경쟁사,1002897,수원(인계동) 앨리스 호텔,3018157,수원 인계동/나혜석거리,,,,,,,,,,,,,,,,"
"경쟁사,24636,수원(인계동) JM(제이엠호텔),3018157,수원 인계동/나혜석거리,,,,,,,,,,,,,,,,"
"경쟁사,26712,수원(인계동) 데이앤나잇(DAY&NIGHT),3018157,수원 인계동/나혜석거리,,,,,,,,,,,,,,,,"
"자사,25304,아늑 료칸 호텔 은평 불광,,연신내/불광/응암,,,,,,,,,,,,,,,,"
"경쟁사,26894,불광 M&A,25304,연신내/불광/응암,,,,,,,,,,,,,,,,"
"경쟁사,27588,불광 호텔 마루,25304,연신내/불광/응암,,,,,,,,,,,,,,,,"
"경쟁사,10047207,불광 3S 호텔,25304,연신내/불광/응암,,,,,,,,,,,,,,,,"
"자사,10068149,루프 서울 호텔 리트리트 by 아늑 서울 강남 1호점,,강남/역삼,,,,,,,,,,,,,,,,"
"경쟁사,25986,역삼 컬리넌,10068149,강남/역삼,,,,,,,,,,,,,,,,"
"경쟁사,23965,역삼 사월,10068149,강남/역삼,,,,,,,,,,,,,,,,"
"경쟁사,3013325,역삼 마리호텔,10068149,강남/역삼,,,,,,,,,,,,,,,,"
"자사,3008754,호텔 드레 대전유성점,,유성구,,,,,,,,,,,,,,,,"
"경쟁사,3009829,대전 유성 비앤비,3008754,유성구,,,,,,,,,,,,,,,,"
"경쟁사,1019067,대전 유성 저스트슬립 유성온천점,3008754,유성구,,,,,,,,,,,,,,,,"
"경쟁사,1009320,대전 유성 드라마 호텔,3008754,유성구,,,,,,,,,,,,,,,,"
"자사,3010541,호텔 얌 파주금촌점,,파주,,,,,,,,,,,,,,,,"
"경쟁사,1004179,파주 금촌 씨마,3010541,파주,,,,,,,,,,,,,,,,"
"경쟁사,1004178,파주 금촌 LIP,3010541,파주,,,,,,,,,,,,,,,,"
"경쟁사,1020196,파주(금촌) 백두,3010541,파주,,,,,,,,,,,,,,,,"
"자사,27009,아늑호텔 대전 대흥점,,중구(은행/대흥/선화/유천),,,,,,,,,,,,,,,,"
"경쟁사,26161,대전 대흥 만월 호텔,27009,중구(은행/대흥/선화/유천),,,,,,,,,,,,,,,,"
"경쟁사,1009419,대전 대흥 아로하,27009,중구(은행/대흥/선화/유천),,,,,,,,,,,,,,,,"
"경쟁사,26134,대전 대흥 무아랑 호텔,27009,중구(은행/대흥/선화/유천),,,,,,,,,,,,,,,,"
"자사,1000109249,청주 딕셔너리 호텔,,청주 흥덕구 / 서원구 (청주 터미널),,,,,,,,,,,,,,,,"
"경쟁사,1000111990,청주 호텔 인 모던 청주터미널점,1000109249,청주 흥덕구 / 서원구 (청주 터미널),,,,,,,,,,,,,,,,"
"경쟁사,1018737,청주 스카이텔,1000109249,청주 흥덕구 / 서원구 (청주 터미널),,,,,,,,,,,,,,,,"
"경쟁사,1000111897,청주 아벨라 호텔,1000109249,청주 흥덕구 / 서원구 (청주 터미널),,,,,,,,,,,,,,,,"
"자사,10049006,부산 메종드센텀 호텔,,광안리/수영,,,,,,,,,,,,,,,,"
"경쟁사,1000099484,부산 수영 봄날,10049006,광안리/수영,,,,,,,,,,,,,,,,"
"경쟁사,10039975,부산 수영 호텔 리버,10049006,광안리/수영,,,,,,,,,,,,,,,,"
"경쟁사,1019920,부산 수영 호텔 스미스,10049006,광안리/수영,,,,,,,,,,,,,,,,"
"자사,1000103330,호텔야자 마산오동점,,""마산"
",,,,,,,,,,,,,,,,"
"경쟁사,3000193,창원 마산 Hotel 에이블(Able),1000103330,""마산"
",,,,,,,,,,,,,,,,"
"경쟁사,3020242,창원 마산 Hotel 루카스 (Lucas),1000103330,""마산"
",,,,,,,,,,,,,,,,"
"경쟁사,26902,창원 마산 로제 시그니처 호텔,1000103330,""마산"
",,,,,,,,,,,,,,,,"
"자사,26072,아이비 호텔 부산 서면,,서면/양정/초읍/부산시민공원,,,,,,,,,,,,,,,,"
"경쟁사,1000111989,부산 서면 비지니스 호텔 J7,26072,서면/양정/초읍/부산시민공원,,,,,,,,,,,,,,,,"
"경쟁사,3018211,부산 서면 넘버25 서면1번가점,26072,서면/양정/초읍/부산시민공원,,,,,,,,,,,,,,,,"
"경쟁사,3017110,부산 서면 호텔 치즈,26072,서면/양정/초읍/부산시민공원,,,,,,,,,,,,,,,,"
"자사,3016665,이천 아늑에어 호텔 설봉호수점,,여주/이천,,,,,,,,,,,,,,,,"
"경쟁사,23826,이천 힐링 무인텔,3016665,여주/이천,,,,,,,,,,,,,,,,"
"경쟁사,10041219,이천 샤트렌모텔,3016665,여주/이천,,,,,,,,,,,,,,,,"
"경쟁사,10045680,이천 뷰,3016665,여주/이천,,,,,,,,,,,,,,,,"
"자사,27009,대전 아늑에어 대전역점,,중구(은행/대흥/선화/유천),,,,,,,,,,,,,,,,"
"경쟁사,10068009,대전 은행 허브 모텔,27009,중구(은행/대흥/선화/유천),,,,,,,,,,,,,,,,"
"경쟁사,10060397,대전 은행 고래하우스,27009,중구(은행/대흥/선화/유천),,,,,,,,,,,,,,,,"
"경쟁사,1000113060,대전 은행 휴,27009,중구(은행/대흥/선화/유천),,,,,,,,,,,,,,,,"
"자사,10062504,아늑 료칸호텔 전주점,,전주 덕진구,,,,,,,,,,,,,,,,"
"경쟁사,10064828,전주 금암동 H Avenue 전주터미널점,10062504,전주 덕진구,,,,,,,,,,,,,,,,"
"경쟁사,3014036,전주 금암동 호텔 바라한(HOTEL BARAHAN),10062504,전주 덕진구,,,,,,,,,,,,,,,,"
"경쟁사,3013439,전주 금암동 호텔 K,10062504,전주 덕진구,,,,,,,,,,,,,,,,"
"자사,10046159,경주 브라운도트 양남점,,경주(보문단지/황리단길/불국사/양남/감포/안강),,,,,,,,,,,,,,,,"
"경쟁사,3016005,경주 르 이데아,10046159,경주(보문단지/황리단길/불국사/양남/감포/안강),,,,,,,,,,,,,,,,"
"경쟁사,10040586,경주 비치 호텔,10046159,경주(보문단지/황리단길/불국사/양남/감포/안강),,,,,,,,,,,,,,,,"
"경쟁사,10052027,경주(양남) 썬호텔,10046159,경주(보문단지/황리단길/불국사/양남/감포/안강),,,,,,,,,,,,,,,,"
"자사,27589,신촌 로컬프렌즈 호텔,,신촌/홍대/합정,,,,,,,,,,,,,,,,"
"경쟁사,27820,신촌 APL Hotel,27589,신촌/홍대/합정,,,,,,,,,,,,,,,,"
"경쟁사,3016067,신촌 FORESTAR(포레스타),27589,신촌/홍대/합정,,,,,,,,,,,,,,,,"
"경쟁사,23224,신촌 림,27589,신촌/홍대/합정,,,,,,,,,,,,,,,,"
"자사,1000102469,목포 무어호텔 by 아늑,,목포,,,,,,,,,,,,,,,,"
"경쟁사,10044175,목포 호텔 캐슬(HOTEL CASTLE),1000102469,목포,,,,,,,,,,,,,,,,"
"경쟁사,1014237,목포 hotel city (호텔 시티) 평화광장점,1000102469,목포,,,,,,,,,,,,,,,,"
"경쟁사,1000105746,목포 호텔 가봄,1000102469,목포,,,,,,,,,,,,,,,,"
"자사,3008850,안산 데일리호텔,,""안산 중앙역"
",,,,,,,,,,,,,,,,"
"경쟁사,3015988,안산 호텔 센스 (Design Boutique),3008850,""안산 중앙역"
",,,,,,,,,,,,,,,,"
"경쟁사,25137,안산 Design Hotel XYM,3008850,""안산 중앙역"
",,,,,,,,,,,,,,,,"
"경쟁사,26893,안산(중앙동) 그레이 디자인,3008850,""안산 중앙역"
",,,,,,,,,,,,,,,,"
"자사,10064806,목포 우인호텔,,목포,,,,,,,,,,,,,,,,"
"경쟁사,1014427,목포 가족 관광호텔,10064806,목포,,,,,,,,,,,,,,,,"
"경쟁사,10054367,목포 에프원 호텔,10064806,목포,,,,,,,,,,,,,,,,"
"경쟁사,1000111589,목포 마리나베이 가족호텔,10064806,목포,,,,,,,,,,,,,,,,"
"자사,10066374,프롬에이치 엘렌호텔,,""서귀포시/중문/모슬포"
",,,,,,,,,,,,,,,,"
"경쟁사,10047256,서귀포 파밀리아,10066374,""서귀포시/중문/모슬포"
",,,,,,,,,,,,,,,,"
"경쟁사,3002221,서귀포 보우힐 펜션&호텔,10066374,""서귀포시/중문/모슬포"
",,,,,,,,,,,,,,,,"
"경쟁사,3018491,서귀포 오션블루호텔,10066374,""서귀포시/중문/모슬포"
",,,,,,,,,,,,,,,,"
"자사,10042055,브라운도트호텔 전주중화산점,,전주 완산구/완주,,,,,,,,,,,,,,,,"
"경쟁사,100531,전주 중화산동 라베호텔(LABE HOTEL),10042055,전주 완산구/완주,,,,,,,,,,,,,,,,"
"경쟁사,10047319,전주 중화산동 브라이튼 호텔(BRIGHTEN HOTEL),10042055,전주 완산구/완주,,,,,,,,,,,,,,,,"
"경쟁사,1000101390,전주 중화산동 카마호텔,10042055,전주 완산구/완주,,,,,,,,,,,,,,,,"
"자사,3006953,광주 더블유라운지,,광주역/기아챔피언스필드/전대사거리/북구,,,,,,,,,,,,,,,,"
"경쟁사,10041990,광주 상무 듀 호텔 (D＇you Hotel),3006953,광주역/기아챔피언스필드/전대사거리/북구,,,,,,,,,,,,,,,,"
"경쟁사,10054291,광주 상무 하운드호텔 광주상무,3006953,광주역/기아챔피언스필드/전대사거리/북구,,,,,,,,,,,,,,,,"
"경쟁사,3017752,광주 상무 호텔 메이킹(HOTEL MAKING),3006953,광주역/기아챔피언스필드/전대사거리/북구,,,,,,,,,,,,,,,,"
"자사,10065715,스테이 패스포트 익스프레스 경성 청량리점,,영등포/여의도,,,,,,,,,,,,,,,,"
"경쟁사,26329,경희대 글램(GLAM),10065715,영등포/여의도,,,,,,,,,,,,,,,,"
"경쟁사,23725,왕십리 컬리넌 호텔 앤 스파,10065715,영등포/여의도,,,,,,,,,,,,,,,,"
"경쟁사,3000403,왕십리 FORESTAR (포레스타),10065715,영등포/여의도,,,,,,,,,,,,,,,,"
"자사,10065713,아늑호텔 청량리점,,영등포/여의도,,,,,,,,,,,,,,,,"
"경쟁사,100138,청량리 더 디자이너스,10065713,영등포/여의도,,,,,,,,,,,,,,,,"
"경쟁사,27624,청량리 동아모텔,10065713,영등포/여의도,,,,,,,,,,,,,,,,"
"경쟁사,23760,청량리 31page,10065713,영등포/여의도,,,,,,,,,,,,,,,,"
"자사,26250,수원 아모레미오,,수원역/구운/행궁/장안구,,,,,,,,,,,,,,,,"
"경쟁사,26233,수원역 The별,26250,수원역/구운/행궁/장안구,,,,,,,,,,,,,,,,"
"경쟁사,1000099346,수원역 호텔 맘(MOM),26250,수원역/구운/행궁/장안구,,,,,,,,,,,,,,,,"
"경쟁사,1018932,수원역 자볼레,26250,수원역/구운/행궁/장안구,,,,,,,,,,,,,,,,"
"자사,10064298,하운드 호텔 영일대점,,""포항/북구(영일대/죽도시장/여객터미널/송도)"
",,,,,,,,,,,,,,,,"
"경쟁사,10041144,포항 영일대 H Avenue 포항영일대점,10064298,""포항/북구(영일대/죽도시장/여객터미널/송도)"
",,,,,,,,,,,,,,,,"
"경쟁사,10048442,포항 호텔 뷰,10064298,""포항/북구(영일대/죽도시장/여객터미널/송도)"
",,,,,,,,,,,,,,,,"
"경쟁사,3002115,포항 윈호텔,10064298,""포항/북구(영일대/죽도시장/여객터미널/송도)"
",,,,,,,,,,,,,,,,"
"자사,10066352,미타쓰야 료칸&호텔 공주점,,공주/동학사/세종,,,,,,,,,,,,,,,,"
"경쟁사,27234,공주(동학사) 소설 무인텔,10066352,공주/동학사/세종,,,,,,,,,,,,,,,,"
"경쟁사,3010002,공주(동학사) 호텔 반디,10066352,공주/동학사/세종,,,,,,,,,,,,,,,,"
"경쟁사,10043192,공주(동학사) 코코 무인텔,10066352,공주/동학사/세종,,,,,,,,,,,,,,,,"
"자사,10064899,동두천 글렌스테이,,양주/동두천/연천,,,,,,,,,,,,,,,,"
"경쟁사,25636,동두천 시마,10064899,양주/동두천/연천,,,,,,,,,,,,,,,,"
"경쟁사,10046928,동두천 HOTEL G7,10064899,양주/동두천/연천,,,,,,,,,,,,,,,,"
"경쟁사,1019513,동두천 빅토리아,10064899,양주/동두천/연천,,,,,,,,,,,,,,,,"
"자사,3006826,천안 엔유,,천안 서북구,,,,,,,,,,,,,,,,"
"경쟁사,25310,천안 렉스 호텔,3006826,천안 서북구,,,,,,,,,,,,,,,,"
"경쟁사,1000104671,천안 칼튼,3006826,천안 서북구,,,,,,,,,,,,,,,,"
"경쟁사,1000111618,천안 이끌림호텔 천안역점,3006826,천안 서북구,,,,,,,,,,,,,,,,"
"자사,10065715,공주 더힐스테이,,공주/동학사/세종,,,,,,,,,,,,,,,,"
"경쟁사,1017209,공주 하얀성,10065715,공주/동학사/세종,,,,,,,,,,,,,,,,"
"경쟁사,3010999,공주 호텔 카이,10065715,공주/동학사/세종,,,,,,,,,,,,,,,,"
"경쟁사,1000102514,공주 초이 한옥호텔,10065715,공주/동학사/세종,,,,,,,,,,,,,,,,"
"자사,10065713,포항 르 파빌리온 풀빌라,,""포항/북구(영일대/죽도시장/여객터미널/송도)"
",,,,,,,,,,,,,,,,"
"경쟁사,3006819,포항 송라아쿠아관광펜션,10065713,""포항/북구(영일대/죽도시장/여객터미널/송도)"
",,,,,,,,,,,,,,,,"
"경쟁사,10057794,포항 페리도트풀빌라&풀글램핑,10065713,""포항/북구(영일대/죽도시장/여객터미널/송도)"
",,,,,,,,,,,,,,,,"
"경쟁사,10051717,포항 사계절독채펜션,10065713,""포항/북구(영일대/죽도시장/여객터미널/송도)"
",,,,,,,,,,,,,,,,"
"자사,23815,프롬에이치 티리조트 제주 성산점,,서귀포시/중문/모슬포,,,,,,,,,,,,,,,,"
"경쟁사,3011519,서귀포 해모랏펜션,23815,서귀포시/중문/모슬포,,,,,,,,,,,,,,,,"
"경쟁사,10062151,서귀포 오름펜션,23815,서귀포시/중문/모슬포,,,,,,,,,,,,,,,,"
"경쟁사,10047535,서귀포 컨트리팜펜션,23815,서귀포시/중문/모슬포,,,,,,,,,,,,,,,,"
"자사,1019090,이천 XYM 호텔,,""여주/이천"
",,,,,,,,,,,,,,,,"
"경쟁사,3020270,이천 호텔 글로리아 이천점,1019090,""여주/이천"
",,,,,,,,,,,,,,,,"
"경쟁사,25580,이천 J HOTEL,1019090,""여주/이천"
",,,,,,,,,,,,,,,,"
"경쟁사,1000106119,이천 라운지서울,1019090,""여주/이천"
",,,,,,,,,,,,,,,,"
"자사,1019507,부천 다온호텔,,부천,,,,,,,,,,,,,,,,"
"경쟁사,23227,부천(송내) 피오르 호텔,1019507,부천,,,,,,,,,,,,,,,,"
"경쟁사,27683,부천(송내) 요기,1019507,부천,,,,,,,,,,,,,,,,"
"경쟁사,1000105382,부천(송내) 마루,1019507,부천,,,,,,,,,,,,,,,,"
"자사,24325,낙원온천호텔 대전점,,유성구,,,,,,,,,,,,,,,,"
"경쟁사,23960,대전 유성 스파타워,24325,유성구,,,,,,,,,,,,,,,,"
"경쟁사,10041170,경하온천호텔,24325,유성구,,,,,,,,,,,,,,,,"
"경쟁사,25277,대전 유성 에디션 by 아늑,24325,유성구,,,,,,,,,,,,,,,,"
"자사,10066950,호텔 작 인사동 by 아늑,,종로/대학로/동묘앞역,,,,,,,,,,,,,,,,"
"경쟁사,3013712,종로 준오호텔,10066950,종로/대학로/동묘앞역,,,,,,,,,,,,,,,,"
"경쟁사,10051210,종로 크라운 호텔,10066950,종로/대학로/동묘앞역,,,,,,,,,,,,,,,,"
"경쟁사,1000105393,종로 수송 게스트하우스,10066950,종로/대학로/동묘앞역,,,,,,,,,,,,,,,,"
"자사,3014198,케이브 료칸 호텔 by 아늑 천안터미널,,천안 동남구,,,,,,,,,,,,,,,,"
"경쟁사,3011960,천안 루미에르32,3014198,천안 동남구,,,,,,,,,,,,,,,,"
"경쟁사,10039854,천안 웨스턴 호텔,3014198,천안 동남구,,,,,,,,,,,,,,,,"
"경쟁사,1000112566,천안 호텔 잠,3014198,천안 동남구,,,,,,,,,,,,,,,,"
"자사,10068095,아늑호텔 대전 유성온천,,유성구,,,,,,,,,,,,,,,,"
"경쟁사,27361,대전 유성 원,10068095,유성구,,,,,,,,,,,,,,,,"
"경쟁사,1000110203,대전 유성 시네마e텔,10068095,유성구,,,,,,,,,,,,,,,,"
"경쟁사,3001492,대전 나무호텔,10068095,유성구,,,,,,,,,,,,,,,,"
"자사,26224,아늑 료칸 호텔 대전 용전,,동구(용전/복합터미널),,,,,,,,,,,,,,,,"
"경쟁사,10046121,대전 용전 Boutique 이틀,26224,동구(용전/복합터미널),,,,,,,,,,,,,,,,"
"경쟁사,1009129,대전 용전 하이클래스,26224,동구(용전/복합터미널),,,,,,,,,,,,,,,,"
"경쟁사,3010274,대전 용전 HOTEL N7,26224,동구(용전/복합터미널),,,,,,,,,,,,,,,,"
"자사,10046512,동백호텔 고현점,,거제/통영/고성,,,,,,,,,,,,,,,,"
"경쟁사,10059475,거제도 고현 브라운도트 거제고현점,10046512,거제/통영/고성,,,,,,,,,,,,,,,,"
"경쟁사,3001973,거제도 고현 MVG,10046512,거제/통영/고성,,,,,,,,,,,,,,,,"
"경쟁사,3011487,거제도 고현 풀,10046512,거제/통영/고성,,,,,,,,,,,,,,,,"
"자사,27149,동백호텔 옥포점,,거제/통영/고성,,,,,,,,,,,,,,,,"
"경쟁사,27316,거제도 옥포 에버그린,27149,거제/통영/고성,,,,,,,,,,,,,,,,"
"경쟁사,10044423,거제도 옥포 진우 프레스티지 호텔,27149,거제/통영/고성,,,,,,,,,,,,,,,,"
"경쟁사,10063930,거제도 옥포 한담 호텔,27149,거제/통영/고성,,,,,,,,,,,,,,,,"
",,,,,,,,,,,,,,,,,,,,"
",,,,,,,,,,,,,,,,,,,,"
",,,,,,,,,,,,,,,,,,,,"
",,,,,,,,,,,,,,,,,,,,"
",,,,,,,,,,,,,,,,,,,,"
",,,,,,,,,,,,,,,,,,,,"
",,,,,,,,,,,,,,,,,,,,"
",,,,,,,,,,,,,,,,,,,,"
",,,,,,,,,,,,,,,,,,,,"
",,,,,,,,,,,,,,,,,,,,"
",,,,,,,,,,,,,,,,,,,,"
",,,,,,,,,,,,,,,,,,,,"
",,,,,,,,,,,,,,,,,,,,"
",,,,,,,,,,,,,,,,,,,,"
",,,,,,,,,,,,,,,,,,,,"
",,,,,,,,,,,,,,,,,,,,"
",,,,,,,,,,,,,,,,,,,,"
",,,,,,,,,,,,,,,,,,,,"
",,,,,,,,,,,,,,,,,,,,"
",,,,,,,,,,,,,,,,,,,,"
",,,,,,,,,,,,,,,,,,,,"
",,,,,,,,,,,,,,,,,,,,"
",,,,,,,,,,,,,,,,,,,,"
",,,,,,,,,,,,,,,,,,,,"
",,,,,,,,,,,,,,,,,,,,"
",,,,,,,,,,,,,,,,,,,,"
",,,,,,,,,,,,,,,,,,,,"
",,,,,,,,,,,,,,,,,,,,"
",,,,,,,,,,,,,,,,,,,,"
",,,,,,,,,,,,,,,,,,,,"
",,,,,,,,,,,,,,,,,,,,"
",,,,,,,,,,,,,,,,,,,,"
",,,,,,,,,,,,,,,,,,,,"
",,,,,,,,,,,,,,,,,,,,"
",,,,,,,,,,,,,,,,,,,,"
",,,,,,,,,,,,,,,,,,,,"
",,,,,,,,,,,,,,,,,,,,"
",,,,,,,,,,,,,,,,,,,,"
",,,,,,,,,,,,,,,,,,,,"
",,,,,,,,,,,,,,,,,,,,"
",,,,,,,,,,,,,,,,,,,,"
",,,,,,,,,,,,,,,,,,,,"
",,,,,,,,,,,,,,,,,,,,"
",,,,,,,,,,,,,,,,,,,,"
",,,,,,,,,,,,,,,,,,,,"
",,,,,,,,,,,,,,,,,,,,"
",,,,,,,,,,,,,,,,,,,,"
",,,,,,,,,,,,,,,,,,,,"
",,,,,,,,,,,,,,,,,,,,"
",,,,,,,,,,,,,,,,,,,,"
",,,,,,,,,,,,,,,,,,,,"
",,,,,,,,,,,,,,,,,,,,"
",,,,,,,,,,,,,,,,,,,,"
",,,,,,,,,,,,,,,,,,,,"
",,,,,,,,,,,,,,,,,,,,"
",,,,,,,,,,,,,,,,,,,,"
",,,,,,,,,,,,,,,,,,,,"
",,,,,,,,,,,,,,,,,,,,"
",,,,,,,,,,,,,,,,,,,,"
",,,,,,,,,,,,,,,,,,,,"
",,,,,,,,,,,,,,,,,,,,"
",,,,,,,,,,,,,,,,,,,,"
",,,,,,,,,,,,,,,,,,,,"
",,,,,,,,,,,,,,,,,,,,"
",,,,,,,,,,,,,,,,,,,,"
",,,,,,,,,,,,,,,,,,,,"
",,,,,,,,,,,,,,,,,,,,"
",,,,,,,,,,,,,,,,,,,,"
",,,,,,,,,,,,,,,,,,,,"
",,,,,,,,,,,,,,,,,,,,"
",,,,,,,,,,,,,,,,,,,,"
",,,,,,,,,,,,,,,,,,,,"
",,,,,,,,,,,,,,,,,,,,"
",,,,,,,,,,,,,,,,,,,,"
",,,,,,,,,,,,,,,,,,,,"
",,,,,,,,,,,,,,,,,,,,"
",,,,,,,,,,,,,,,,,,,,"
",,,,,,,,,,,,,,,,,,,,"
",,,,,,,,,,,,,,,,,,,,"
",,,,,,,,,,,,,,,,,,,,"
",,,,,,,,,,,,,,,,,,,,"
",,,,,,,,,,,,,,,,,,,,"
",,,,,,,,,,,,,,,,,,,,"
",,,,,,,,,,,,,,,,,,,,"
",,,,,,,,,,,,,,,,,,,,"
",,,,,,,,,,,,,,,,,,,,"
",,,,,,,,,,,,,,,,,,,,"
",,,,,,,,,,,,,,,,,,,,"
",,,,,,,,,,,,,,,,,,,,"
",,,,,,,,,,,,,,,,,,,,"
",,,,,,,,,,,,,,,,,,,,"
",,,,,,,,,,,,,,,,,,,,"
",,,,,,,,,,,,,,,,,,,,"
",,,,,,,,,,,,,,,,,,,,"
",,,,,,,,,,,,,,,,,,,,"
",,,,,,,,,,,,,,,,,,,,"
",,,,,,,,,,,,,,,,,,,,"
",,,,,,,,,,,,,,,,,,,,"
",,,,,,,,,,,,,,,,,,,,"
",,,,,,,,,,,,,,,,,,,,"
",,,,,,,,,,,,,,,,,,,,"
",,,,,,,,,,,,,,,,,,,,"
",,,,,,,,,,,,,,,,,,,,"
",,,,,,,,,,,,,,,,,,,,"
",,,,,,,,,,,,,,,,,,,,"
",,,,,,,,,,,,,,,,,,,,"
",,,,,,,,,,,,,,,,,,,,"
",,,,,,,,,,,,,,,,,,,,"
",,,,,,,,,,,,,,,,,,,,"
",,,,,,,,,,,,,,,,,,,,"
",,,,,,,,,,,,,,,,,,,,"
",,,,,,,,,,,,,,,,,,,,"
",,,,,,,,,,,,,,,,,,,,"
",,,,,,,,,,,,,,,,,,,,"
",,,,,,,,,,,,,,,,,,,,"
",,,,,,,,,,,,,,,,,,,,"
",,,,,,,,,,,,,,,,,,,,"
",,,,,,,,,,,,,,,,,,,,"
",,,,,,,,,,,,,,,,,,,,"
",,,,,,,,,,,,,,,,,,,,"
",,,,,,,,,,,,,,,,,,,,"
",,,,,,,,,,,,,,,,,,,,"
",,,,,,,,,,,,,,,,,,,,"
",,,,,,,,,,,,,,,,,,,,"
",,,,,,,,,,,,,,,,,,,,"
",,,,,,,,,,,,,,,,,,,,"
",,,,,,,,,,,,,,,,,,,,"
",,,,,,,,,,,,,,,,,,,,"
",,,,,,,,,,,,,,,,,,,,"
",,,,,,,,,,,,,,,,,,,,"
",,,,,,,,,,,,,,,,,,,,"
",,,,,,,,,,,,,,,,,,,,"
",,,,,,,,,,,,,,,,,,,,"
",,,,,,,,,,,,,,,,,,,,"
",,,,,,,,,,,,,,,,,,,,"
",,,,,,,,,,,,,,,,,,,,"
",,,,,,,,,,,,,,,,,,,,"
",,,,,,,,,,,,,,,,,,,,"
",,,,,,,,,,,,,,,,,,,,"
",,,,,,,,,,,,,,,,,,,,"
",,,,,,,,,,,,,,,,,,,,"
",,,,,,,,,,,,,,,,,,,,"
",,,,,,,,,,,,,,,,,,,,"
",,,,,,,,,,,,,,,,,,,,"
",,,,,,,,,,,,,,,,,,,,"
",,,,,,,,,,,,,,,,,,,,"
",,,,,,,,,,,,,,,,,,,,"
",,,,,,,,,,,,,,,,,,,,"
",,,,,,,,,,,,,,,,,,,,"
",,,,,,,,,,,,,,,,,,,,"
",,,,,,,,,,,,,,,,,,,,"
",,,,,,,,,,,,,,,,,,,,"
",,,,,,,,,,,,,,,,,,,,"
",,,,,,,,,,,,,,,,,,,,"
",,,,,,,,,,,,,,,,,,,,"
",,,,,,,,,,,,,,,,,,,,"
",,,,,,,,,,,,,,,,,,,,"
",,,,,,,,,,,,,,,,,,,,"
",,,,,,,,,,,,,,,,,,,,"
",,,,,,,,,,,,,,,,,,,,"
",,,,,,,,,,,,,,,,,,,,"
",,,,,,,,,,,,,,,,,,,,"
",,,,,,,,,,,,,,,,,,,,"
",,,,,,,,,,,,,,,,,,,,"
",,,,,,,,,,,,,,,,,,,,"
",,,,,,,,,,,,,,,,,,,,"
",,,,,,,,,,,,,,,,,,,,"
",,,,,,,,,,,,,,,,,,,,"
",,,,,,,,,,,,,,,,,,,,"
",,,,,,,,,,,,,,,,,,,,"
",,,,,,,,,,,,,,,,,,,,"
",,,,,,,,,,,,,,,,,,,,"
",,,,,,,,,,,,,,,,,,,,"
",,,,,,,,,,,,,,,,,,,,"
",,,,,,,,,,,,,,,,,,,,"
",,,,,,,,,,,,,,,,,,,,"
",,,,,,,,,,,,,,,,,,,,"
",,,,,,,,,,,,,,,,,,,,"
",,,,,,,,,,,,,,,,,,,,"
",,,,,,,,,,,,,,,,,,,,"
",,,,,,,,,,,,,,,,,,,,"
",,,,,,,,,,,,,,,,,,,,"
",,,,,,,,,,,,,,,,,,,,"
",,,,,,,,,,,,,,,,,,,,"
",,,,,,,,,,,,,,,,,,,,"
",,,,,,,,,,,,,,,,,,,,"
",,,,,,,,,,,,,,,,,,,,"
",,,,,,,,,,,,,,,,,,,,"
",,,,,,,,,,,,,,,,,,,,"
",,,,,,,,,,,,,,,,,,,,"
",,,,,,,,,,,,,,,,,,,,"
",,,,,,,,,,,,,,,,,,,,"
",,,,,,,,,,,,,,,,,,,,"
",,,,,,,,,,,,,,,,,,,,"
",,,,,,,,,,,,,,,,,,,,"
",,,,,,,,,,,,,,,,,,,,"
",,,,,,,,,,,,,,,,,,,,"
",,,,,,,,,,,,,,,,,,,,"
",,,,,,,,,,,,,,,,,,,,"
",,,,,,,,,,,,,,,,,,,,"
",,,,,,,,,,,,,,,,,,,,"
",,,,,,,,,,,,,,,,,,,,"
",,,,,,,,,,,,,,,,,,,,"
",,,,,,,,,,,,,,,,,,,,"
",,,,,,,,,,,,,,,,,,,,"
",,,,,,,,,,,,,,,,,,,,"
",,,,,,,,,,,,,,,,,,,,"
",,,,,,,,,,,,,,,,,,,,"
",,,,,,,,,,,,,,,,,,,,"
",,,,,,,,,,,,,,,,,,,,"
",,,,,,,,,,,,,,,,,,,,"
",,,,,,,,,,,,,,,,,,,,"
",,,,,,,,,,,,,,,,,,,,"
",,,,,,,,,,,,,,,,,,,,"
",,,,,,,,,,,,,,,,,,,,"
",,,,,,,,,,,,,,,,,,,,"
",,,,,,,,,,,,,,,,,,,,"
",,,,,,,,,,,,,,,,,,,,"
",,,,,,,,,,,,,,,,,,,,"
",,,,,,,,,,,,,,,,,,,,"
",,,,,,,,,,,,,,,,,,,,"
",,,,,,,,,,,,,,,,,,,,"
",,,,,,,,,,,,,,,,,,,,"
",,,,,,,,,,,,,,,,,,,,"
",,,,,,,,,,,,,,,,,,,,"
",,,,,,,,,,,,,,,,,,,,"
",,,,,,,,,,,,,,,,,,,,"
",,,,,,,,,,,,,,,,,,,,"
",,,,,,,,,,,,,,,,,,,,"
",,,,,,,,,,,,,,,,,,,,"
",,,,,,,,,,,,,,,,,,,,"
",,,,,,,,,,,,,,,,,,,,"
",,,,,,,,,,,,,,,,,,,,"
",,,,,,,,,,,,,,,,,,,,"
",,,,,,,,,,,,,,,,,,,,"
",,,,,,,,,,,,,,,,,,,,"
",,,,,,,,,,,,,,,,,,,,"
",,,,,,,,,,,,,,,,,,,,"
",,,,,,,,,,,,,,,,,,,,"
",,,,,,,,,,,,,,,,,,,,"
",,,,,,,,,,,,,,,,,,,,"
",,,,,,,,,,,,,,,,,,,,"
",,,,,,,,,,,,,,,,,,,,"
",,,,,,,,,,,,,,,,,,,,"
",,,,,,,,,,,,,,,,,,,,"
",,,,,,,,,,,,,,,,,,,,"
",,,,,,,,,,,,,,,,,,,,"
",,,,,,,,,,,,,,,,,,,,"
",,,,,,,,,,,,,,,,,,,,"
",,,,,,,,,,,,,,,,,,,,"
",,,,,,,,,,,,,,,,,,,,"
",,,,,,,,,,,,,,,,,,,,"
",,,,,,,,,,,,,,,,,,,,"
",,,,,,,,,,,,,,,,,,,,"
",,,,,,,,,,,,,,,,,,,,"
",,,,,,,,,,,,,,,,,,,,"
",,,,,,,,,,,,,,,,,,,,"
",,,,,,,,,,,,,,,,,,,,"
",,,,,,,,,,,,,,,,,,,,"
",,,,,,,,,,,,,,,,,,,,"
",,,,,,,,,,,,,,,,,,,,"
",,,,,,,,,,,,,,,,,,,,"
",,,,,,,,,,,,,,,,,,,,"
",,,,,,,,,,,,,,,,,,,,"
",,,,,,,,,,,,,,,,,,,,"
",,,,,,,,,,,,,,,,,,,,"
",,,,,,,,,,,,,,,,,,,,"
",,,,,,,,,,,,,,,,,,,,"
",,,,,,,,,,,,,,,,,,,,"
",,,,,,,,,,,,,,,,,,,,"
",,,,,,,,,,,,,,,,,,,,"
",,,,,,,,,,,,,,,,,,,,"
",,,,,,,,,,,,,,,,,,,,"
",,,,,,,,,,,,,,,,,,,,"
",,,,,,,,,,,,,,,,,,,,"
",,,,,,,,,,,,,,,,,,,,"
",,,,,,,,,,,,,,,,,,,,"
",,,,,,,,,,,,,,,,,,,,"
",,,,,,,,,,,,,,,,,,,,"
",,,,,,,,,,,,,,,,,,,,"
",,,,,,,,,,,,,,,,,,,,"
",,,,,,,,,,,,,,,,,,,,"
",,,,,,,,,,,,,,,,,,,,"
",,,,,,,,,,,,,,,,,,,,"
",,,,,,,,,,,,,,,,,,,,"
",,,,,,,,,,,,,,,,,,,,"
",,,,,,,,,,,,,,,,,,,,"
",,,,,,,,,,,,,,,,,,,,"
",,,,,,,,,,,,,,,,,,,,"
",,,,,,,,,,,,,,,,,,,,"
",,,,,,,,,,,,,,,,,,,,"
",,,,,,,,,,,,,,,,,,,,"
",,,,,,,,,,,,,,,,,,,,"
",,,,,,,,,,,,,,,,,,,,"
",,,,,,,,,,,,,,,,,,,,"
